client_id,hotel_id,rating
9,6,3
9,8,3
9,9,5
9,11,4
9,12,5
9,13,4
9,16,4
9,17,4
9,19,4
9,27,3
9,28,5
9,32,5
9,35,5
9,36,3
9,38,4
9,39,3
9,40,4
9,42,3
9,44,4
9,45,3
9,46,4
9,47,4
9,48,5
9,49,4
9,50,3
9,52,4
9,56,5
9,60,3
9,63,3
9,64,4
9,65,4
9,67,4
9,72,5
9,82,4
9,84,3
10,6,4
10,8,3
10,9,5
10,11,3
10,12,5
10,13,4
10,16,5
10,17,5
10,19,5
10,27,5
10,28,5
10,32,3
10,35,4
10,36,5
10,38,3
10,39,5
10,40,4
10,42,4
10,44,5
10,45,3
10,46,3
10,47,4
10,48,4
10,49,4
10,50,3
10,52,4
10,56,5
10,60,3
10,63,3
10,64,4
10,65,4
10,67,4
10,72,3
10,82,3
10,84,5
13,6,3
13,8,5
13,9,4
13,11,5
13,12,4
13,13,4
13,16,3
13,17,5
13,19,5
13,27,3
13,28,3
13,32,5
13,35,5
13,36,5
13,38,4
13,39,4
13,40,3
13,42,3
13,44,4
13,45,4
13,46,3
13,47,5
13,48,3
13,49,4
13,50,5
13,52,3
13,56,3
13,60,4
13,63,4
13,64,3
13,65,3
13,67,3
13,72,5
13,82,4
13,84,4
17,6,5
17,8,3
17,9,4
17,11,4
17,12,3
17,13,5
17,16,5
17,17,4
17,19,3
17,27,3
17,28,3
17,32,3
17,35,3
17,36,5
17,38,5
17,39,4
17,40,4
17,42,5
17,44,3
17,45,3
17,46,3
17,47,4
17,48,4
17,49,3
17,50,5
17,52,4
17,56,3
17,60,4
17,63,5
17,64,4
17,65,4
17,67,3
17,72,5
17,82,3
17,84,3
19,6,4
19,8,4
19,9,4
19,11,4
19,12,4
19,13,5
19,16,3
19,17,3
19,19,5
19,27,4
19,28,4
19,32,4
19,35,5
19,36,4
19,38,4
19,39,4
19,40,4
19,42,3
19,44,3
19,45,4
19,46,5
19,47,3
19,48,3
19,49,4
19,50,5
19,52,3
19,56,3
19,60,3
19,63,3
19,64,3
19,65,3
19,67,3
19,72,4
19,82,5
19,84,4
22,6,5
22,8,5
22,9,5
22,11,3
22,12,5
22,13,5
22,16,4
22,17,5
22,19,4
22,27,3
22,28,3
22,32,5
22,35,5
22,36,4
22,38,4
22,39,4
22,40,3
22,42,4
22,44,4
22,45,5
22,46,3
22,47,3
22,48,3
22,49,3
22,50,5
22,52,5
22,56,5
22,60,5
22,63,3
22,64,5
22,65,3
22,67,5
22,72,4
22,82,4
22,84,4
29,6,5
29,8,4
29,9,4
29,11,4
29,12,5
29,13,3
29,16,4
29,17,5
29,19,5
29,27,4
29,28,5
29,32,4
29,35,3
29,36,5
29,38,5
29,39,3
29,40,4
29,42,3
29,44,4
29,45,4
29,46,3
29,47,5
29,48,4
29,49,5
29,50,5
29,52,3
29,56,4
29,60,5
29,63,3
29,64,3
29,65,4
29,67,3
29,72,3
29,82,5
29,84,4
31,6,4
31,8,5
31,9,3
31,11,5
31,12,5
31,13,3
31,16,5
31,17,3
31,19,4
31,27,4
31,28,3
31,32,3
31,35,4
31,36,5
31,38,4
31,39,4
31,40,5
31,42,4
31,44,3
31,45,3
31,46,4
31,47,3
31,48,5
31,49,3
31,50,4
31,52,5
31,56,4
31,60,3
31,63,4
31,64,4
31,65,3
31,67,4
31,72,3
31,82,5
31,84,5
32,6,5
32,8,3
32,9,3
32,11,5
32,12,5
32,13,4
32,16,5
32,17,4
32,19,3
32,27,3
32,28,5
32,32,5
32,35,5
32,36,3
32,38,4
32,39,4
32,40,5
32,42,5
32,44,4
32,45,4
32,46,4
32,47,3
32,48,5
32,49,4
32,50,5
32,52,4
32,56,5
32,60,3
32,63,4
32,64,3
32,65,5
32,67,4
32,72,5
32,82,3
32,84,4
34,6,5
34,8,4
34,9,5
34,11,5
34,12,4
34,13,4
34,16,3
34,17,3
34,19,5
34,27,4
34,28,3
34,32,4
34,35,5
34,36,5
34,38,5
34,39,3
34,40,4
34,42,5
34,44,3
34,45,4
34,46,4
34,47,5
34,48,5
34,49,3
34,50,5
34,52,4
34,56,4
34,60,4
34,63,3
34,64,3
34,65,3
34,67,4
34,72,5
34,82,4
34,84,5
41,6,4
41,8,5
41,9,4
41,11,5
41,12,4
41,13,5
41,16,3
41,17,4
41,19,5
41,27,5
41,28,3
41,32,3
41,35,5
41,36,5
41,38,4
41,39,3
41,40,5
41,42,4
41,44,5
41,45,4
41,46,3
41,47,5
41,48,4
41,49,5
41,50,3
41,52,4
41,56,4
41,60,5
41,63,3
41,64,3
41,65,4
41,67,4
41,72,3
41,82,3
41,84,5
44,6,5
44,8,3
44,9,5
44,11,5
44,12,3
44,13,4
44,16,3
44,17,5
44,19,3
44,27,3
44,28,5
44,32,5
44,35,5
44,36,5
44,38,5
44,39,4
44,40,4
44,42,4
44,44,3
44,45,5
44,46,4
44,47,5
44,48,4
44,49,3
44,50,5
44,52,5
44,56,5
44,60,5
44,63,4
44,64,3
44,65,3
44,67,5
44,72,3
44,82,3
44,84,3
47,6,3
47,8,3
47,9,4
47,11,3
47,12,3
47,13,3
47,16,5
47,17,3
47,19,4
47,27,5
47,28,4
47,32,4
47,35,4
47,36,5
47,38,3
47,39,4
47,40,5
47,42,4
47,44,3
47,45,3
47,46,3
47,47,5
47,48,3
47,49,4
47,50,3
47,52,5
47,56,4
47,60,3
47,63,4
47,64,3
47,65,3
47,67,3
47,72,4
47,82,4
47,84,5
48,6,5
48,8,5
48,9,3
48,11,5
48,12,3
48,13,3
48,16,4
48,17,5
48,19,5
48,27,3
48,28,3
48,32,3
48,35,4
48,36,3
48,38,4
48,39,4
48,40,5
48,42,5
48,44,3
48,45,3
48,46,5
48,47,3
48,48,5
48,49,5
48,50,4
48,52,5
48,56,5
48,60,3
48,63,3
48,64,5
48,65,5
48,67,5
48,72,3
48,82,3
48,84,5
50,6,3
50,8,5
50,9,3
50,11,3
50,12,4
50,13,4
50,16,3
50,17,4
50,19,4
50,27,5
50,28,4
50,32,4
50,35,4
50,36,4
50,38,3
50,39,4
50,40,5
50,42,3
50,44,4
50,45,5
50,46,4
50,47,3
50,48,4
50,49,4
50,50,3
50,52,5
50,56,5
50,60,3
50,63,5
50,64,4
50,65,5
50,67,3
50,72,3
50,82,5
50,84,5
54,6,4
54,8,5
54,9,5
54,11,3
54,12,5
54,13,5
54,16,3
54,17,3
54,19,4
54,27,5
54,28,4
54,32,4
54,35,3
54,36,4
54,38,4
54,39,5
54,40,3
54,42,3
54,44,4
54,45,4
54,46,5
54,47,5
54,48,3
54,49,3
54,50,3
54,52,4
54,56,3
54,60,4
54,63,3
54,64,4
54,65,5
54,67,3
54,72,5
54,82,4
54,84,5
58,6,4
58,8,3
58,9,4
58,11,5
58,12,4
58,13,4
58,16,4
58,17,4
58,19,5
58,27,3
58,28,5
58,32,3
58,35,5
58,36,5
58,38,4
58,39,4
58,40,5
58,42,3
58,44,3
58,45,4
58,46,4
58,47,5
58,48,4
58,49,4
58,50,5
58,52,4
58,56,5
58,60,4
58,63,5
58,64,4
58,65,5
58,67,5
58,72,4
58,82,5
58,84,4
61,6,3
61,8,5
61,9,5
61,11,4
61,12,4
61,13,3
61,16,4
61,17,5
61,19,3
61,27,3
61,28,4
61,32,3
61,35,3
61,36,5
61,38,3
61,39,5
61,40,5
61,42,4
61,44,5
61,45,4
61,46,4
61,47,5
61,48,3
61,49,3
61,50,4
61,52,4
61,56,5
61,60,5
61,63,5
61,64,4
61,65,5
61,67,5
61,72,5
61,82,4
61,84,4
65,6,4
65,8,4
65,9,3
65,11,4
65,12,5
65,13,5
65,16,4
65,17,5
65,19,3
65,27,3
65,28,5
65,32,5
65,35,4
65,36,5
65,38,5
65,39,3
65,40,5
65,42,5
65,44,4
65,45,4
65,46,3
65,47,3
65,48,5
65,49,3
65,50,4
65,52,3
65,56,5
65,60,4
65,63,5
65,64,3
65,65,4
65,67,5
65,72,3
65,82,5
65,84,5
71,6,5
71,8,4
71,9,3
71,11,3
71,12,5
71,13,3
71,16,5
71,17,5
71,19,3
71,27,4
71,28,5
71,32,3
71,35,4
71,36,3
71,38,4
71,39,3
71,40,5
71,42,4
71,44,5
71,45,4
71,46,3
71,47,3
71,48,3
71,49,3
71,50,5
71,52,5
71,56,3
71,60,5
71,63,3
71,64,3
71,65,4
71,67,5
71,72,4
71,82,5
71,84,4
1,2,4
1,3,5
1,4,3
1,5,5
1,7,3
1,10,4
1,14,5
1,15,3
1,18,5
1,20,4
1,21,4
1,22,3
1,23,3
1,24,5
1,25,3
1,26,3
1,29,5
1,30,4
1,31,5
1,33,5
1,34,3
1,41,5
1,43,4
1,51,4
1,53,4
1,54,3
1,55,3
1,57,5
1,58,3
1,59,5
1,61,3
1,62,4
1,66,3
1,71,5
1,73,4
1,74,4
1,75,5
1,77,3
1,78,5
1,79,4
1,80,4
1,81,3
1,83,4
1,86,4
1,88,4
1,89,3
1,98,5
1,99,4
1,100,5
3,2,4
3,3,3
3,4,3
3,5,4
3,7,4
3,10,4
3,14,3
3,15,3
3,18,5
3,20,4
3,21,3
3,22,4
3,23,3
3,24,3
3,25,4
3,26,3
3,29,4
3,30,3
3,31,3
3,33,4
3,34,4
3,41,3
3,43,5
3,51,5
3,53,3
3,54,4
3,55,3
3,57,4
3,58,3
3,59,5
3,61,5
3,62,3
3,66,4
3,71,5
3,73,4
3,74,4
3,75,4
3,77,3
3,78,3
3,79,4
3,80,5
3,81,4
3,83,4
3,86,3
3,88,4
3,89,5
3,98,4
3,99,3
3,100,5
7,2,3
7,3,3
7,4,4
7,5,3
7,7,4
7,10,3
7,14,4
7,15,3
7,18,4
7,20,5
7,21,5
7,22,4
7,23,5
7,24,4
7,25,3
7,26,5
7,29,4
7,30,5
7,31,4
7,33,3
7,34,5
7,41,3
7,43,5
7,51,3
7,53,3
7,54,4
7,55,4
7,57,3
7,58,3
7,59,5
7,61,4
7,62,4
7,66,5
7,71,3
7,73,4
7,74,4
7,75,3
7,77,5
7,78,4
7,79,4
7,80,3
7,81,4
7,83,3
7,86,3
7,88,5
7,89,5
7,98,5
7,99,5
7,100,4
8,2,3
8,3,5
8,4,5
8,5,3
8,7,4
8,10,3
8,14,4
8,15,5
8,18,4
8,20,4
8,21,3
8,22,4
8,23,3
8,24,4
8,25,5
8,26,4
8,29,4
8,30,5
8,31,5
8,33,3
8,34,4
8,41,3
8,43,3
8,51,3
8,53,3
8,54,4
8,55,3
8,57,4
8,58,4
8,59,3
8,61,5
8,62,4
8,66,4
8,71,3
8,73,4
8,74,4
8,75,3
8,77,3
8,78,4
8,79,5
8,80,3
8,81,4
8,83,5
8,86,4
8,88,5
8,89,3
8,98,4
8,99,3
8,100,4
11,2,3
11,3,5
11,4,3
11,5,4
11,7,4
11,10,4
11,14,4
11,15,5
11,18,3
11,20,5
11,21,4
11,22,4
11,23,3
11,24,4
11,25,4
11,26,4
11,29,4
11,30,5
11,31,3
11,33,3
11,34,4
11,41,4
11,43,5
11,51,4
11,53,3
11,54,3
11,55,4
11,57,3
11,58,3
11,59,4
11,61,4
11,62,3
11,66,3
11,71,4
11,73,4
11,74,4
11,75,4
11,77,3
11,78,3
11,79,3
11,80,3
11,81,3
11,83,3
11,86,3
11,88,5
11,89,3
11,98,4
11,99,4
11,100,4
14,2,3
14,3,4
14,4,4
14,5,3
14,7,3
14,10,5
14,14,4
14,15,4
14,18,5
14,20,4
14,21,4
14,22,4
14,23,5
14,24,4
14,25,5
14,26,3
14,29,3
14,30,5
14,31,5
14,33,3
14,34,3
14,41,5
14,43,5
14,51,4
14,53,3
14,54,4
14,55,3
14,57,4
14,58,3
14,59,5
14,61,4
14,62,5
14,66,4
14,71,4
14,73,4
14,74,3
14,75,3
14,77,5
14,78,4
14,79,3
14,80,4
14,81,3
14,83,3
14,86,3
14,88,5
14,89,5
14,98,5
14,99,3
14,100,4
15,2,5
15,3,5
15,4,4
15,5,4
15,7,4
15,10,5
15,14,5
15,15,5
15,18,3
15,20,5
15,21,3
15,22,3
15,23,4
15,24,5
15,25,4
15,26,5
15,29,4
15,30,3
15,31,4
15,33,5
15,34,4
15,41,3
15,43,5
15,51,5
15,53,3
15,54,5
15,55,3
15,57,3
15,58,3
15,59,4
15,61,3
15,62,3
15,66,5
15,71,4
15,73,3
15,74,4
15,75,5
15,77,5
15,78,5
15,79,4
15,80,3
15,81,5
15,83,5
15,86,4
15,88,4
15,89,4
15,98,4
15,99,4
15,100,5
20,2,4
20,3,4
20,4,3
20,5,4
20,7,5
20,10,4
20,14,5
20,15,4
20,18,4
20,20,3
20,21,5
20,22,3
20,23,4
20,24,4
20,25,3
20,26,5
20,29,4
20,30,4
20,31,4
20,33,5
20,34,5
20,41,5
20,43,4
20,51,5
20,53,5
20,54,4
20,55,5
20,57,3
20,58,5
20,59,4
20,61,3
20,62,4
20,66,3
20,71,3
20,73,3
20,74,4
20,75,3
20,77,3
20,78,5
20,79,4
20,80,4
20,81,5
20,83,5
20,86,5
20,88,3
20,89,3
20,98,4
20,99,4
20,100,5
21,2,4
21,3,4
21,4,3
21,5,3
21,7,4
21,10,5
21,14,4
21,15,5
21,18,3
21,20,5
21,21,4
21,22,4
21,23,3
21,24,4
21,25,4
21,26,3
21,29,4
21,30,5
21,31,4
21,33,3
21,34,5
21,41,4
21,43,5
21,51,4
21,53,3
21,54,3
21,55,5
21,57,5
21,58,3
21,59,5
21,61,3
21,62,4
21,66,3
21,71,4
21,73,4
21,74,4
21,75,3
21,77,4
21,78,5
21,79,5
21,80,5
21,81,5
21,83,4
21,86,3
21,88,3
21,89,3
21,98,4
21,99,3
21,100,3
23,2,3
23,3,5
23,4,5
23,5,5
23,7,5
23,10,4
23,14,5
23,15,4
23,18,3
23,20,3
23,21,5
23,22,3
23,23,3
23,24,4
23,25,5
23,26,4
23,29,5
23,30,4
23,31,5
23,33,5
23,34,4
23,41,4
23,43,3
23,51,3
23,53,5
23,54,3
23,55,5
23,57,3
23,58,4
23,59,4
23,61,3
23,62,4
23,66,4
23,71,4
23,73,3
23,74,5
23,75,4
23,77,4
23,78,5
23,79,5
23,80,3
23,81,3
23,83,4
23,86,4
23,88,3
23,89,3
23,98,3
23,99,3
23,100,4
24,2,3
24,3,3
24,4,4
24,5,4
24,7,3
24,10,4
24,14,4
24,15,5
24,18,5
24,20,3
24,21,4
24,22,4
24,23,3
24,24,3
24,25,3
24,26,4
24,29,5
24,30,3
24,31,3
24,33,4
24,34,5
24,41,3
24,43,3
24,51,3
24,53,3
24,54,4
24,55,3
24,57,4
24,58,5
24,59,4
24,61,4
24,62,3
24,66,3
24,71,4
24,73,5
24,74,3
24,75,4
24,77,5
24,78,3
24,79,4
24,80,3
24,81,4
24,83,5
24,86,5
24,88,5
24,89,3
24,98,4
24,99,3
24,100,4
26,2,3
26,3,4
26,4,5
26,5,4
26,7,4
26,10,3
26,14,5
26,15,5
26,18,3
26,20,3
26,21,4
26,22,3
26,23,5
26,24,3
26,25,5
26,26,3
26,29,4
26,30,5
26,31,4
26,33,4
26,34,5
26,41,4
26,43,4
26,51,5
26,53,5
26,54,3
26,55,5
26,57,4
26,58,3
26,59,5
26,61,5
26,62,3
26,66,3
26,71,4
26,73,5
26,74,5
26,75,4
26,77,4
26,78,5
26,79,3
26,80,3
26,81,5
26,83,4
26,86,5
26,88,3
26,89,4
26,98,5
26,99,4
26,100,4
28,2,4
28,3,3
28,4,3
28,5,5
28,7,3
28,10,5
28,14,5
28,15,3
28,18,4
28,20,4
28,21,5
28,22,3
28,23,3
28,24,4
28,25,3
28,26,4
28,29,4
28,30,5
28,31,5
28,33,5
28,34,5
28,41,5
28,43,3
28,51,5
28,53,3
28,54,4
28,55,3
28,57,3
28,58,4
28,59,3
28,61,3
28,62,5
28,66,3
28,71,4
28,73,4
28,74,4
28,75,5
28,77,4
28,78,3
28,79,3
28,80,4
28,81,4
28,83,4
28,86,5
28,88,3
28,89,4
28,98,3
28,99,4
28,100,5
30,2,3
30,3,4
30,4,4
30,5,3
30,7,5
30,10,4
30,14,5
30,15,3
30,18,3
30,20,4
30,21,5
30,22,4
30,23,5
30,24,3
30,25,3
30,26,4
30,29,5
30,30,4
30,31,3
30,33,5
30,34,4
30,41,5
30,43,5
30,51,5
30,53,4
30,54,5
30,55,4
30,57,5
30,58,3
30,59,3
30,61,4
30,62,5
30,66,5
30,71,5
30,73,4
30,74,5
30,75,4
30,77,3
30,78,3
30,79,4
30,80,3
30,81,4
30,83,5
30,86,4
30,88,3
30,89,5
30,98,5
30,99,4
30,100,4
35,2,4
35,3,3
35,4,5
35,5,5
35,7,3
35,10,4
35,14,5
35,15,3
35,18,4
35,20,3
35,21,5
35,22,3
35,23,3
35,24,5
35,25,4
35,26,5
35,29,5
35,30,3
35,31,5
35,33,5
35,34,3
35,41,3
35,43,4
35,51,5
35,53,3
35,54,4
35,55,5
35,57,3
35,58,4
35,59,3
35,61,5
35,62,5
35,66,4
35,71,4
35,73,5
35,74,4
35,75,4
35,77,4
35,78,3
35,79,5
35,80,5
35,81,4
35,83,3
35,86,5
35,88,5
35,89,4
35,98,3
35,99,5
35,100,5
37,2,5
37,3,5
37,4,4
37,5,5
37,7,5
37,10,4
37,14,4
37,15,5
37,18,5
37,20,5
37,21,3
37,22,3
37,23,4
37,24,4
37,25,3
37,26,4
37,29,5
37,30,5
37,31,5
37,33,5
37,34,4
37,41,5
37,43,3
37,51,5
37,53,4
37,54,3
37,55,4
37,57,3
37,58,5
37,59,4
37,61,4
37,62,4
37,66,4
37,71,3
37,73,5
37,74,3
37,75,4
37,77,3
37,78,5
37,79,3
37,80,5
37,81,3
37,83,5
37,86,4
37,88,3
37,89,5
37,98,4
37,99,5
37,100,3
38,2,3
38,3,4
38,4,5
38,5,4
38,7,4
38,10,3
38,14,3
38,15,5
38,18,4
38,20,5
38,21,3
38,22,4
38,23,3
38,24,5
38,25,4
38,26,5
38,29,5
38,30,3
38,31,5
38,33,4
38,34,3
38,41,4
38,43,5
38,51,3
38,53,5
38,54,3
38,55,4
38,57,3
38,58,3
38,59,4
38,61,5
38,62,4
38,66,4
38,71,4
38,73,5
38,74,3
38,75,3
38,77,5
38,78,3
38,79,4
38,80,3
38,81,4
38,83,5
38,86,5
38,88,3
38,89,3
38,98,5
38,99,3
38,100,4
40,2,3
40,3,3
40,4,4
40,5,4
40,7,3
40,10,3
40,14,5
40,15,5
40,18,4
40,20,5
40,21,5
40,22,3
40,23,3
40,24,3
40,25,5
40,26,5
40,29,3
40,30,4
40,31,5
40,33,5
40,34,3
40,41,4
40,43,4
40,51,3
40,53,4
40,54,4
40,55,5
40,57,4
40,58,4
40,59,3
40,61,5
40,62,5
40,66,3
40,71,4
40,73,3
40,74,3
40,75,4
40,77,5
40,78,3
40,79,4
40,80,4
40,81,5
40,83,5
40,86,4
40,88,4
40,89,5
40,98,3
40,99,3
40,100,4
46,2,4
46,3,4
46,4,3
46,5,4
46,7,5
46,10,3
46,14,5
46,15,5
46,18,4
46,20,5
46,21,5
46,22,5
46,23,5
46,24,4
46,25,3
46,26,5
46,29,4
46,30,5
46,31,4
46,33,3
46,34,4
46,41,4
46,43,4
46,51,3
46,53,4
46,54,3
46,55,4
46,57,3
46,58,3
46,59,4
46,61,3
46,62,4
46,66,3
46,71,5
46,73,5
46,74,4
46,75,4
46,77,5
46,78,4
46,79,3
46,80,4
46,81,4
46,83,5
46,86,5
46,88,3
46,89,3
46,98,3
46,99,3
46,100,5
49,2,5
49,3,3
49,4,5
49,5,3
49,7,5
49,10,4
49,14,4
49,15,5
49,18,4
49,20,3
49,21,5
49,22,4
49,23,5
49,24,3
49,25,3
49,26,4
49,29,4
49,30,5
49,31,3
49,33,3
49,34,3
49,41,5
49,43,3
49,51,4
49,53,3
49,54,3
49,55,4
49,57,5
49,58,3
49,59,5
49,61,4
49,62,3
49,66,4
49,71,5
49,73,5
49,74,5
49,75,3
49,77,5
49,78,5
49,79,4
49,80,5
49,81,4
49,83,4
49,86,3
49,88,3
49,89,4
49,98,5
49,99,3
49,100,4
2,1,3
2,37,5
2,68,5
2,69,5
2,70,4
2,76,5
2,85,3
2,87,5
2,90,5
2,91,5
2,92,5
2,93,4
2,94,5
2,95,3
2,96,3
2,97,4
4,1,5
4,37,5
4,68,5
4,69,3
4,70,3
4,76,4
4,85,5
4,87,5
4,90,5
4,91,3
4,92,5
4,93,4
4,94,5
4,95,3
4,96,5
4,97,5
5,1,5
5,37,5
5,68,3
5,69,4
5,70,5
5,76,3
5,85,4
5,87,5
5,90,3
5,91,3
5,92,3
5,93,4
5,94,4
5,95,4
5,96,3
5,97,5
6,1,5
6,37,4
6,68,3
6,69,3
6,70,4
6,76,4
6,85,5
6,87,5
6,90,4
6,91,5
6,92,4
6,93,3
6,94,4
6,95,5
6,96,3
6,97,4
12,1,3
12,37,3
12,68,3
12,69,3
12,70,5
12,76,3
12,85,5
12,87,4
12,90,5
12,91,4
12,92,4
12,93,5
12,94,5
12,95,4
12,96,3
12,97,5
16,1,5
16,37,3
16,68,4
16,69,4
16,70,3
16,76,5
16,85,3
16,87,5
16,90,5
16,91,3
16,92,4
16,93,3
16,94,3
16,95,4
16,96,4
16,97,3
18,1,4
18,37,3
18,68,5
18,69,5
18,70,3
18,76,4
18,85,4
18,87,4
18,90,5
18,91,4
18,92,3
18,93,4
18,94,5
18,95,4
18,96,4
18,97,5
25,1,3
25,37,4
25,68,3
25,69,3
25,70,4
25,76,4
25,85,3
25,87,5
25,90,5
25,91,5
25,92,3
25,93,3
25,94,5
25,95,3
25,96,5
25,97,5
27,1,4
27,37,5
27,68,3
27,69,3
27,70,5
27,76,4
27,85,3
27,87,3
27,90,3
27,91,5
27,92,3
27,93,5
27,94,3
27,95,4
27,96,5
27,97,4
33,1,4
33,37,5
33,68,4
33,69,3
33,70,4
33,76,3
33,85,3
33,87,3
33,90,4
33,91,5
33,92,3
33,93,5
33,94,5
33,95,4
33,96,4
33,97,3
36,1,4
36,37,3
36,68,5
36,69,5
36,70,4
36,76,4
36,85,4
36,87,5
36,90,5
36,91,4
36,92,5
36,93,4
36,94,4
36,95,5
36,96,5
36,97,4
39,1,3
39,37,4
39,68,3
39,69,5
39,70,4
39,76,3
39,85,4
39,87,3
39,90,5
39,91,3
39,92,3
39,93,3
39,94,3
39,95,5
39,96,4
39,97,3
42,1,5
42,37,3
42,68,4
42,69,4
42,70,5
42,76,4
42,85,4
42,87,3
42,90,3
42,91,5
42,92,5
42,93,4
42,94,3
42,95,5
42,96,5
42,97,5
43,1,3
43,37,4
43,68,4
43,69,5
43,70,4
43,76,4
43,85,5
43,87,5
43,90,3
43,91,3
43,92,3
43,93,3
43,94,5
43,95,3
43,96,3
43,97,5
45,1,3
45,37,5
45,68,5
45,69,5
45,70,3
45,76,3
45,85,3
45,87,5
45,90,3
45,91,4
45,92,3
45,93,3
45,94,3
45,95,5
45,96,5
45,97,5
52,1,4
52,37,5
52,68,4
52,69,4
52,70,3
52,76,4
52,85,5
52,87,3
52,90,5
52,91,3
52,92,4
52,93,4
52,94,4
52,95,3
52,96,5
52,97,5
55,1,4
55,37,4
55,68,4
55,69,3
55,70,3
55,76,3
55,85,4
55,87,4
55,90,5
55,91,5
55,92,3
55,93,4
55,94,3
55,95,4
55,96,3
55,97,3
56,1,5
56,37,5
56,68,3
56,69,4
56,70,4
56,76,4
56,85,3
56,87,4
56,90,4
56,91,5
56,92,5
56,93,4
56,94,4
56,95,3
56,96,4
56,97,5
57,1,5
57,37,5
57,68,4
57,69,5
57,70,5
57,76,3
57,85,5
57,87,5
57,90,4
57,91,5
57,92,3
57,93,3
57,94,4
57,95,3
57,96,4
57,97,3
59,1,3
59,37,5
59,68,5
59,69,3
59,70,4
59,76,3
59,85,5
59,87,4
59,90,4
59,91,4
59,92,3
59,93,4
59,94,3
59,95,3
59,96,3
59,97,5
51,1,1
51,2,3
51,3,1
51,4,5
51,5,4
51,6,5
51,7,3
51,8,5
51,9,3
51,10,4
51,11,1
51,12,4
51,13,4
51,14,1
51,15,1
51,16,3
51,17,1
51,18,5
51,19,5
51,20,5
51,21,1
51,22,1
51,23,2
51,24,4
51,25,5
51,26,5
51,27,2
51,28,2
51,29,3
51,30,2
51,31,4
51,32,4
51,33,5
51,34,1
51,35,1
51,36,1
51,37,3
51,38,3
51,39,1
51,40,3
51,41,4
51,42,4
51,43,5
51,44,2
51,45,2
51,46,5
51,47,2
51,48,4
51,49,1
51,50,4
51,51,3
51,52,2
51,53,3
51,54,3
51,55,4
51,56,5
51,57,1
51,58,2
51,59,2
51,60,2
51,61,1
51,62,5
51,63,3
51,64,3
51,65,5
51,66,3
51,67,5
51,68,2
51,69,1
51,70,3
51,71,4
51,72,3
51,73,4
51,74,3
51,75,3
51,76,3
51,77,2
51,78,4
51,79,1
51,80,5
51,81,1
51,82,2
51,83,4
51,84,1
51,85,5
51,86,4
51,87,1
51,88,2
51,89,3
51,90,1
51,91,2
51,92,1
51,93,3
51,94,5
51,95,5
51,96,4
51,97,1
51,98,5
51,99,4
51,100,2
53,1,2
53,2,1
53,3,5
53,4,5
53,5,3
53,6,3
53,7,3
53,8,5
53,9,2
53,10,3
53,11,2
53,12,2
53,13,4
53,14,5
53,15,3
53,16,1
53,17,5
53,18,2
53,19,1
53,20,5
53,21,4
53,22,1
53,23,1
53,24,4
53,25,5
53,26,1
53,27,2
53,28,4
53,29,5
53,30,3
53,31,3
53,32,2
53,33,1
53,34,2
53,35,2
53,36,3
53,37,2
53,38,5
53,39,5
53,40,2
53,41,3
53,42,5
53,43,5
53,44,5
53,45,3
53,46,5
53,47,2
53,48,2
53,49,5
53,50,3
53,51,4
53,52,2
53,53,3
53,54,2
53,55,1
53,56,5
53,57,4
53,58,2
53,59,2
53,60,3
53,61,1
53,62,3
53,63,4
53,64,3
53,65,4
53,66,5
53,67,2
53,68,4
53,69,3
53,70,3
53,71,5
53,72,4
53,73,3
53,74,4
53,75,3
53,76,5
53,77,2
53,78,1
53,79,5
53,80,3
53,81,4
53,82,4
53,83,5
53,84,3
53,85,5
53,86,2
53,87,2
53,88,1
53,89,4
53,90,4
53,91,2
53,92,4
53,93,3
53,94,3
53,95,4
53,96,4
53,97,5
53,98,3
53,99,4
53,100,5
60,1,5
60,2,3
60,3,4
60,4,4
60,5,3
60,6,5
60,7,2
60,8,4
60,9,1
60,10,3
60,11,5
60,12,5
60,13,5
60,14,5
60,15,4
60,16,5
60,17,5
60,18,5
60,19,4
60,20,3
60,21,2
60,22,4
60,23,2
60,24,4
60,25,2
60,26,1
60,27,1
60,28,3
60,29,4
60,30,2
60,31,2
60,32,4
60,33,3
60,34,4
60,35,3
60,36,4
60,37,5
60,38,4
60,39,4
60,40,3
60,41,4
60,42,4
60,43,4
60,44,1
60,45,4
60,46,3
60,47,3
60,48,3
60,49,5
60,50,4
60,51,4
60,52,1
60,53,5
60,54,5
60,55,5
60,56,1
60,57,3
60,58,1
60,59,5
60,60,2
60,61,5
60,62,3
60,63,5
60,64,4
60,65,3
60,66,3
60,67,4
60,68,1
60,69,3
60,70,3
60,71,2
60,72,5
60,73,1
60,74,5
60,75,5
60,76,5
60,77,1
60,78,4
60,79,3
60,80,1
60,81,2
60,82,1
60,83,1
60,84,4
60,85,2
60,86,2
60,87,3
60,88,2
60,89,4
60,90,3
60,91,3
60,92,3
60,93,2
60,94,1
60,95,3
60,96,4
60,97,4
60,98,2
60,99,1
60,100,5
62,1,5
62,2,3
62,3,2
62,4,1
62,5,1
62,6,4
62,7,4
62,8,5
62,9,1
62,10,5
62,11,3
62,12,2
62,13,3
62,14,4
62,15,4
62,16,1
62,17,4
62,18,4
62,19,4
62,20,5
62,21,3
62,22,2
62,23,2
62,24,2
62,25,3
62,26,2
62,27,2
62,28,3
62,29,1
62,30,3
62,31,4
62,32,3
62,33,3
62,34,1
62,35,5
62,36,1
62,37,5
62,38,4
62,39,1
62,40,1
62,41,5
62,42,3
62,43,5
62,44,2
62,45,5
62,46,2
62,47,4
62,48,4
62,49,3
62,50,3
62,51,5
62,52,5
62,53,3
62,54,4
62,55,1
62,56,5
62,57,4
62,58,3
62,59,3
62,60,1
62,61,2
62,62,5
62,63,3
62,64,1
62,65,4
62,66,2
62,67,5
62,68,3
62,69,3
62,70,2
62,71,5
62,72,5
62,73,3
62,74,1
62,75,1
62,76,4
62,77,3
62,78,5
62,79,1
62,80,4
62,81,4
62,82,2
62,83,2
62,84,2
62,85,1
62,86,3
62,87,2
62,88,3
62,89,4
62,90,2
62,91,5
62,92,5
62,93,1
62,94,4
62,95,3
62,96,2
62,97,4
62,98,4
62,99,2
62,100,4
63,1,1
63,2,4
63,3,1
63,4,2
63,5,3
63,6,4
63,7,1
63,8,1
63,9,1
63,10,4
63,11,1
63,12,2
63,13,5
63,14,5
63,15,2
63,16,1
63,17,1
63,18,2
63,19,2
63,20,5
63,21,1
63,22,1
63,23,1
63,24,4
63,25,5
63,26,5
63,27,1
63,28,5
63,29,4
63,30,4
63,31,4
63,32,5
63,33,5
63,34,1
63,35,4
63,36,2
63,37,1
63,38,5
63,39,4
63,40,3
63,41,2
63,42,5
63,43,1
63,44,4
63,45,5
63,46,2
63,47,5
63,48,2
63,49,1
63,50,2
63,51,5
63,52,1
63,53,3
63,54,1
63,55,5
63,56,3
63,57,4
63,58,3
63,59,5
63,60,2
63,61,5
63,62,4
63,63,5
63,64,2
63,65,5
63,66,3
63,67,3
63,68,1
63,69,3
63,70,3
63,71,4
63,72,5
63,73,3
63,74,2
63,75,4
63,76,1
63,77,5
63,78,1
63,79,4
63,80,4
63,81,5
63,82,5
63,83,4
63,84,2
63,85,3
63,86,4
63,87,4
63,88,3
63,89,4
63,90,5
63,91,2
63,92,3
63,93,1
63,94,2
63,95,4
63,96,1
63,97,2
63,98,3
63,99,2
63,100,2
64,1,1
64,2,5
64,3,3
64,4,5
64,5,4
64,6,2
64,7,5
64,8,4
64,9,1
64,10,5
64,11,5
64,12,3
64,13,3
64,14,2
64,15,4
64,16,3
64,17,5
64,18,4
64,19,2
64,20,4
64,21,2
64,22,4
64,23,2
64,24,5
64,25,3
64,26,2
64,27,2
64,28,5
64,29,3
64,30,5
64,31,4
64,32,3
64,33,3
64,34,1
64,35,5
64,36,2
64,37,2
64,38,5
64,39,5
64,40,1
64,41,2
64,42,4
64,43,4
64,44,2
64,45,2
64,46,3
64,47,5
64,48,3
64,49,1
64,50,2
64,51,5
64,52,2
64,53,5
64,54,4
64,55,4
64,56,5
64,57,5
64,58,3
64,59,4
64,60,2
64,61,1
64,62,2
64,63,2
64,64,5
64,65,5
64,66,5
64,67,5
64,68,4
64,69,5
64,70,5
64,71,3
64,72,4
64,73,5
64,74,2
64,75,4
64,76,2
64,77,5
64,78,4
64,79,1
64,80,5
64,81,5
64,82,2
64,83,3
64,84,1
64,85,5
64,86,4
64,87,5
64,88,4
64,89,2
64,90,1
64,91,1
64,92,5
64,93,2
64,94,1
64,95,4
64,96,2
64,97,3
64,98,4
64,99,4
64,100,5
66,1,3
66,2,3
66,3,5
66,4,4
66,5,3
66,6,4
66,7,4
66,8,2
66,9,1
66,10,5
66,11,3
66,12,3
66,13,5
66,14,1
66,15,2
66,16,2
66,17,5
66,18,2
66,19,2
66,20,1
66,21,2
66,22,2
66,23,1
66,24,2
66,25,2
66,26,2
66,27,3
66,28,5
66,29,4
66,30,5
66,31,2
66,32,1
66,33,1
66,34,2
66,35,4
66,36,1
66,37,4
66,38,2
66,39,4
66,40,2
66,41,1
66,42,4
66,43,5
66,44,5
66,45,2
66,46,1
66,47,5
66,48,3
66,49,3
66,50,5
66,51,3
66,52,3
66,53,5
66,54,3
66,55,2
66,56,3
66,57,5
66,58,3
66,59,3
66,60,1
66,61,1
66,62,1
66,63,3
66,64,4
66,65,4
66,66,3
66,67,2
66,68,5
66,69,1
66,70,4
66,71,5
66,72,1
66,73,4
66,74,5
66,75,1
66,76,5
66,77,4
66,78,2
66,79,1
66,80,4
66,81,5
66,82,4
66,83,3
66,84,1
66,85,3
66,86,4
66,87,2
66,88,3
66,89,5
66,90,5
66,91,5
66,92,3
66,93,2
66,94,4
66,95,4
66,96,4
66,97,5
66,98,2
66,99,5
66,100,4
67,1,2
67,2,4
67,3,4
67,4,4
67,5,5
67,6,4
67,7,4
67,8,5
67,9,4
67,10,3
67,11,1
67,12,5
67,13,1
67,14,1
67,15,4
67,16,2
67,17,1
67,18,1
67,19,3
67,20,1
67,21,2
67,22,5
67,23,4
67,24,5
67,25,1
67,26,3
67,27,1
67,28,2
67,29,5
67,30,5
67,31,3
67,32,3
67,33,2
67,34,5
67,35,4
67,36,2
67,37,1
67,38,3
67,39,4
67,40,3
67,41,1
67,42,2
67,43,3
67,44,5
67,45,1
67,46,3
67,47,4
67,48,4
67,49,3
67,50,3
67,51,3
67,52,2
67,53,5
67,54,3
67,55,4
67,56,1
67,57,4
67,58,1
67,59,2
67,60,4
67,61,5
67,62,5
67,63,2
67,64,4
67,65,1
67,66,1
67,67,2
67,68,4
67,69,1
67,70,3
67,71,2
67,72,3
67,73,2
67,74,3
67,75,3
67,76,3
67,77,3
67,78,2
67,79,5
67,80,2
67,81,5
67,82,5
67,83,5
67,84,3
67,85,5
67,86,1
67,87,2
67,88,4
67,89,3
67,90,5
67,91,4
67,92,5
67,93,2
67,94,1
67,95,2
67,96,5
67,97,4
67,98,2
67,99,3
67,100,1
68,1,1
68,2,4
68,3,1
68,4,2
68,5,4
68,6,3
68,7,3
68,8,5
68,9,5
68,10,4
68,11,5
68,12,5
68,13,1
68,14,3
68,15,1
68,16,1
68,17,2
68,18,4
68,19,5
68,20,5
68,21,5
68,22,5
68,23,1
68,24,1
68,25,1
68,26,5
68,27,5
68,28,3
68,29,4
68,30,4
68,31,1
68,32,2
68,33,1
68,34,4
68,35,2
68,36,3
68,37,2
68,38,1
68,39,5
68,40,1
68,41,3
68,42,4
68,43,5
68,44,2
68,45,2
68,46,3
68,47,5
68,48,1
68,49,2
68,50,2
68,51,3
68,52,2
68,53,4
68,54,3
68,55,5
68,56,3
68,57,2
68,58,1
68,59,4
68,60,4
68,61,1
68,62,5
68,63,3
68,64,2
68,65,2
68,66,3
68,67,2
68,68,2
68,69,3
68,70,4
68,71,1
68,72,3
68,73,5
68,74,5
68,75,5
68,76,2
68,77,2
68,78,4
68,79,2
68,80,4
68,81,2
68,82,2
68,83,5
68,84,3
68,85,4
68,86,1
68,87,3
68,88,4
68,89,4
68,90,1
68,91,1
68,92,2
68,93,2
68,94,2
68,95,1
68,96,2
68,97,2
68,98,1
68,99,1
68,100,3
69,1,4
69,2,3
69,3,1
69,4,3
69,5,1
69,6,3
69,7,4
69,8,2
69,9,5
69,10,3
69,11,1
69,12,1
69,13,4
69,14,4
69,15,3
69,16,2
69,17,2
69,18,3
69,19,5
69,20,5
69,21,2
69,22,4
69,23,3
69,24,3
69,25,4
69,26,1
69,27,5
69,28,3
69,29,4
69,30,2
69,31,4
69,32,3
69,33,5
69,34,4
69,35,1
69,36,1
69,37,2
69,38,5
69,39,1
69,40,3
69,41,4
69,42,5
69,43,3
69,44,2
69,45,4
69,46,4
69,47,3
69,48,5
69,49,5
69,50,5
69,51,1
69,52,1
69,53,2
69,54,4
69,55,5
69,56,4
69,57,2
69,58,5
69,59,3
69,60,5
69,61,1
69,62,1
69,63,2
69,64,1
69,65,2
69,66,4
69,67,2
69,68,2
69,69,4
69,70,4
69,71,1
69,72,3
69,73,3
69,74,5
69,75,2
69,76,2
69,77,3
69,78,2
69,79,2
69,80,4
69,81,2
69,82,4
69,83,2
69,84,5
69,85,4
69,86,1
69,87,5
69,88,5
69,89,2
69,90,3
69,91,3
69,92,1
69,93,5
69,94,5
69,95,4
69,96,3
69,97,1
69,98,4
69,99,3
69,100,3
70,1,3
70,2,3
70,3,1
70,4,5
70,5,1
70,6,1
70,7,4
70,8,4
70,9,5
70,10,1
70,11,5
70,12,5
70,13,2
70,14,5
70,15,3
70,16,3
70,17,1
70,18,2
70,19,5
70,20,4
70,21,1
70,22,4
70,23,4
70,24,1
70,25,3
70,26,5
70,27,5
70,28,4
70,29,1
70,30,1
70,31,3
70,32,1
70,33,5
70,34,5
70,35,2
70,36,1
70,37,5
70,38,5
70,39,4
70,40,1
70,41,2
70,42,5
70,43,5
70,44,5
70,45,4
70,46,4
70,47,5
70,48,2
70,49,3
70,50,3
70,51,2
70,52,3
70,53,1
70,54,3
70,55,3
70,56,1
70,57,2
70,58,1
70,59,1
70,60,1
70,61,3
70,62,1
70,63,3
70,64,4
70,65,2
70,66,3
70,67,4
70,68,4
70,69,2
70,70,3
70,71,1
70,72,5
70,73,3
70,74,1
70,75,1
70,76,1
70,77,4
70,78,2
70,79,2
70,80,4
70,81,4
70,82,1
70,83,3
70,84,2
70,85,3
70,86,4
70,87,4
70,88,3
70,89,2
70,90,2
70,91,2
70,92,1
70,93,2
70,94,5
70,95,5
70,96,2
70,97,1
70,98,5
70,99,4
70,100,1
72,1,4
72,2,1
72,3,5
72,4,4
72,5,4
72,6,2
72,7,5
72,8,3
72,9,4
72,10,2
72,11,3
72,12,2
72,13,3
72,14,3
72,15,3
72,16,1
72,17,3
72,18,2
72,19,2
72,20,1
72,21,5
72,22,3
72,23,4
72,24,5
72,25,5
72,26,1
72,27,2
72,28,4
72,29,1
72,30,1
72,31,5
72,32,4
72,33,1
72,34,3
72,35,1
72,36,1
72,37,5
72,38,4
72,39,4
72,40,4
72,41,4
72,42,3
72,43,4
72,44,1
72,45,2
72,46,2
72,47,5
72,48,2
72,49,1
72,50,4
72,51,5
72,52,5
72,53,1
72,54,5
72,55,4
72,56,3
72,57,5
72,58,2
72,59,3
72,60,4
72,61,5
72,62,3
72,63,2
72,64,5
72,65,5
72,66,3
72,67,4
72,68,5
72,69,5
72,70,2
72,71,1
72,72,5
72,73,2
72,74,1
72,75,1
72,76,3
72,77,5
72,78,2
72,79,5
72,80,2
72,81,5
72,82,5
72,83,2
72,84,3
72,85,3
72,86,2
72,87,1
72,88,2
72,89,2
72,90,5
72,91,2
72,92,4
72,93,4
72,94,1
72,95,4
72,96,4
72,97,1
72,98,2
72,99,3
72,100,4
73,1,1
73,2,5
73,3,1
73,4,2
73,5,1
73,6,3
73,7,5
73,8,4
73,9,2
73,10,5
73,11,1
73,12,4
73,13,3
73,14,5
73,15,4
73,16,3
73,17,2
73,18,4
73,19,5
73,20,3
73,21,3
73,22,3
73,23,4
73,24,1
73,25,5
73,26,4
73,27,1
73,28,3
73,29,4
73,30,1
73,31,4
73,32,5
73,33,1
73,34,3
73,35,4
73,36,3
73,37,2
73,38,2
73,39,2
73,40,4
73,41,2
73,42,4
73,43,5
73,44,3
73,45,4
73,46,3
73,47,4
73,48,4
73,49,1
73,50,2
73,51,5
73,52,5
73,53,2
73,54,4
73,55,4
73,56,4
73,57,3
73,58,5
73,59,3
73,60,4
73,61,5
73,62,4
73,63,2
73,64,5
73,65,1
73,66,1
73,67,2
73,68,5
73,69,1
73,70,4
73,71,2
73,72,2
73,73,3
73,74,2
73,75,2
73,76,1
73,77,3
73,78,4
73,79,3
73,80,2
73,81,1
73,82,3
73,83,5
73,84,5
73,85,2
73,86,3
73,87,2
73,88,4
73,89,3
73,90,3
73,91,2
73,92,2
73,93,5
73,94,4
73,95,5
73,96,3
73,97,5
73,98,4
73,99,2
73,100,3
74,1,4
74,2,1
74,3,1
74,4,2
74,5,3
74,6,1
74,7,2
74,8,2
74,9,5
74,10,4
74,11,5
74,12,3
74,13,1
74,14,1
74,15,1
74,16,2
74,17,2
74,18,2
74,19,5
74,20,5
74,21,3
74,22,1
74,23,1
74,24,2
74,25,2
74,26,5
74,27,3
74,28,5
74,29,5
74,30,3
74,31,5
74,32,1
74,33,3
74,34,1
74,35,5
74,36,4
74,37,3
74,38,3
74,39,4
74,40,1
74,41,5
74,42,3
74,43,1
74,44,1
74,45,4
74,46,5
74,47,1
74,48,2
74,49,5
74,50,5
74,51,2
74,52,3
74,53,1
74,54,3
74,55,2
74,56,4
74,57,3
74,58,4
74,59,3
74,60,5
74,61,5
74,62,1
74,63,4
74,64,5
74,65,5
74,66,4
74,67,2
74,68,4
74,69,2
74,70,4
74,71,3
74,72,2
74,73,2
74,74,1
74,75,1
74,76,2
74,77,4
74,78,3
74,79,5
74,80,1
74,81,2
74,82,2
74,83,3
74,84,4
74,85,4
74,86,1
74,87,1
74,88,4
74,89,5
74,90,3
74,91,1
74,92,5
74,93,4
74,94,3
74,95,1
74,96,4
74,97,1
74,98,3
74,99,2
74,100,1
75,1,2
75,2,4
75,3,2
75,4,4
75,5,5
75,6,5
75,7,2
75,8,3
75,9,4
75,10,2
75,11,1
75,12,3
75,13,3
75,14,5
75,15,4
75,16,5
75,17,3
75,18,4
75,19,2
75,20,1
75,21,2
75,22,2
75,23,2
75,24,5
75,25,3
75,26,4
75,27,5
75,28,2
75,29,1
75,30,2
75,31,1
75,32,2
75,33,4
75,34,1
75,35,5
75,36,3
75,37,2
75,38,4
75,39,3
75,40,3
75,41,3
75,42,4
75,43,4
75,44,4
75,45,5
75,46,3
75,47,2
75,48,4
75,49,4
75,50,1
75,51,3
75,52,3
75,53,3
75,54,2
75,55,3
75,56,3
75,57,4
75,58,3
75,59,5
75,60,2
75,61,1
75,62,5
75,63,4
75,64,4
75,65,3
75,66,1
75,67,2
75,68,3
75,69,4
75,70,1
75,71,5
75,72,4
75,73,2
75,74,3
75,75,1
75,76,1
75,77,2
75,78,5
75,79,2
75,80,1
75,81,3
75,82,1
75,83,4
75,84,2
75,85,2
75,86,2
75,87,3
75,88,4
75,89,2
75,90,3
75,91,1
75,92,1
75,93,5
75,94,1
75,95,2
75,96,1
75,97,5
75,98,3
75,99,3
75,100,4
76,1,1
76,2,5
76,3,5
76,4,2
76,5,3
76,6,3
76,7,3
76,8,4
76,9,4
76,10,2
76,11,4
76,12,2
76,13,1
76,14,5
76,15,1
76,16,2
76,17,2
76,18,3
76,19,5
76,20,1
76,21,1
76,22,2
76,23,1
76,24,2
76,25,1
76,26,2
76,27,1
76,28,2
76,29,1
76,30,3
76,31,1
76,32,1
76,33,3
76,34,2
76,35,2
76,36,5
76,37,1
76,38,1
76,39,4
76,40,1
76,41,2
76,42,3
76,43,2
76,44,3
76,45,1
76,46,4
76,47,5
76,48,5
76,49,4
76,50,3
76,51,2
76,52,1
76,53,4
76,54,4
76,55,4
76,56,2
76,57,3
76,58,5
76,59,2
76,60,5
76,61,4
76,62,1
76,63,3
76,64,3
76,65,4
76,66,5
76,67,5
76,68,3
76,69,4
76,70,2
76,71,3
76,72,2
76,73,3
76,74,2
76,75,2
76,76,4
76,77,3
76,78,1
76,79,3
76,80,5
76,81,2
76,82,3
76,83,5
76,84,2
76,85,1
76,86,4
76,87,1
76,88,5
76,89,5
76,90,2
76,91,2
76,92,4
76,93,5
76,94,5
76,95,1
76,96,2
76,97,5
76,98,3
76,99,5
76,100,2
77,1,2
77,2,3
77,3,2
77,4,2
77,5,3
77,6,2
77,7,4
77,8,4
77,9,2
77,10,2
77,11,4
77,12,1
77,13,1
77,14,4
77,15,1
77,16,1
77,17,3
77,18,3
77,19,2
77,20,4
77,21,1
77,22,1
77,23,5
77,24,4
77,25,4
77,26,2
77,27,3
77,28,3
77,29,2
77,30,1
77,31,3
77,32,2
77,33,2
77,34,3
77,35,5
77,36,2
77,37,2
77,38,5
77,39,5
77,40,4
77,41,3
77,42,2
77,43,4
77,44,2
77,45,5
77,46,4
77,47,2
77,48,5
77,49,2
77,50,3
77,51,4
77,52,5
77,53,3
77,54,3
77,55,4
77,56,1
77,57,3
77,58,5
77,59,5
77,60,2
77,61,2
77,62,3
77,63,3
77,64,1
77,65,4
77,66,5
77,67,5
77,68,1
77,69,4
77,70,4
77,71,4
77,72,1
77,73,5
77,74,5
77,75,3
77,76,5
77,77,4
77,78,5
77,79,1
77,80,5
77,81,3
77,82,2
77,83,2
77,84,3
77,85,4
77,86,3
77,87,3
77,88,5
77,89,2
77,90,3
77,91,5
77,92,4
77,93,1
77,94,1
77,95,1
77,96,5
77,97,4
77,98,2
77,99,4
77,100,1
78,1,2
78,2,1
78,3,1
78,4,4
78,5,4
78,6,4
78,7,5
78,8,2
78,9,1
78,10,2
78,11,3
78,12,4
78,13,3
78,14,4
78,15,2
78,16,2
78,17,2
78,18,1
78,19,5
78,20,5
78,21,1
78,22,3
78,23,4
78,24,5
78,25,5
78,26,5
78,27,5
78,28,2
78,29,1
78,30,5
78,31,4
78,32,5
78,33,1
78,34,5
78,35,5
78,36,5
78,37,5
78,38,4
78,39,1
78,40,4
78,41,5
78,42,1
78,43,5
78,44,3
78,45,5
78,46,4
78,47,3
78,48,1
78,49,3
78,50,5
78,51,3
78,52,4
78,53,5
78,54,4
78,55,5
78,56,4
78,57,5
78,58,3
78,59,5
78,60,1
78,61,4
78,62,3
78,63,5
78,64,1
78,65,3
78,66,1
78,67,3
78,68,3
78,69,2
78,70,5
78,71,3
78,72,4
78,73,1
78,74,2
78,75,1
78,76,2
78,77,3
78,78,3
78,79,1
78,80,1
78,81,1
78,82,1
78,83,4
78,84,3
78,85,5
78,86,4
78,87,4
78,88,2
78,89,2
78,90,5
78,91,3
78,92,2
78,93,1
78,94,3
78,95,4
78,96,4
78,97,5
78,98,5
78,99,1
78,100,2
79,1,4
79,2,4
79,3,4
79,4,4
79,5,3
79,6,4
79,7,2
79,8,1
79,9,5
79,10,3
79,11,1
79,12,3
79,13,5
79,14,3
79,15,2
79,16,1
79,17,5
79,18,3
79,19,2
79,20,2
79,21,5
79,22,2
79,23,5
79,24,2
79,25,2
79,26,1
79,27,4
79,28,2
79,29,3
79,30,2
79,31,4
79,32,2
79,33,4
79,34,4
79,35,5
79,36,5
79,37,1
79,38,5
79,39,5
79,40,1
79,41,2
79,42,2
79,43,1
79,44,4
79,45,2
79,46,1
79,47,5
79,48,2
79,49,5
79,50,2
79,51,5
79,52,1
79,53,3
79,54,5
79,55,4
79,56,5
79,57,4
79,58,2
79,59,2
79,60,5
79,61,5
79,62,2
79,63,1
79,64,3
79,65,1
79,66,5
79,67,2
79,68,5
79,69,3
79,70,1
79,71,2
79,72,5
79,73,4
79,74,2
79,75,4
79,76,1
79,77,1
79,78,5
79,79,2
79,80,1
79,81,2
79,82,3
79,83,1
79,84,3
79,85,5
79,86,5
79,87,5
79,88,5
79,89,2
79,90,4
79,91,2
79,92,1
79,93,1
79,94,3
79,95,1
79,96,1
79,97,4
79,98,3
79,99,2
79,100,2
80,1,3
80,2,2
80,3,1
80,4,1
80,5,4
80,6,2
80,7,3
80,8,4
80,9,2
80,10,3
80,11,4
80,12,2
80,13,4
80,14,5
80,15,4
80,16,2
80,17,5
80,18,3
80,19,3
80,20,5
80,21,1
80,22,2
80,23,4
80,24,2
80,25,1
80,26,4
80,27,1
80,28,3
80,29,3
80,30,3
80,31,1
80,32,1
80,33,1
80,34,2
80,35,4
80,36,3
80,37,1
80,38,4
80,39,3
80,40,3
80,41,5
80,42,5
80,43,3
80,44,1
80,45,5
80,46,1
80,47,3
80,48,1
80,49,4
80,50,2
80,51,5
80,52,4
80,53,4
80,54,3
80,55,2
80,56,1
80,57,3
80,58,4
80,59,5
80,60,2
80,61,1
80,62,3
80,63,4
80,64,3
80,65,3
80,66,1
80,67,5
80,68,5
80,69,4
80,70,4
80,71,4
80,72,5
80,73,4
80,74,2
80,75,2
80,76,5
80,77,1
80,78,4
80,79,4
80,80,4
80,81,3
80,82,1
80,83,2
80,84,3
80,85,5
80,86,4
80,87,1
80,88,1
80,89,2
80,90,2
80,91,3
80,92,5
80,93,1
80,94,4
80,95,2
80,96,1
80,97,3
80,98,5
80,99,5
80,100,5
81,1,1
81,2,5
81,3,5
81,4,1
81,5,3
81,6,3
81,7,1
81,8,5
81,9,3
81,10,4
81,11,1
81,12,1
81,13,3
81,14,3
81,15,2
81,16,3
81,17,5
81,18,3
81,19,4
81,20,1
81,21,4
81,22,3
81,23,4
81,24,2
81,25,1
81,26,5
81,27,3
81,28,4
81,29,4
81,30,4
81,31,1
81,32,5
81,33,2
81,34,3
81,35,4
81,36,5
81,37,5
81,38,2
81,39,3
81,40,4
81,41,5
81,42,3
81,43,3
81,44,2
81,45,1
81,46,2
81,47,4
81,48,1
81,49,2
81,50,4
81,51,2
81,52,2
81,53,4
81,54,3
81,55,4
81,56,5
81,57,4
81,58,3
81,59,2
81,60,2
81,61,5
81,62,1
81,63,3
81,64,1
81,65,1
81,66,1
81,67,3
81,68,1
81,69,2
81,70,5
81,71,1
81,72,2
81,73,2
81,74,3
81,75,3
81,76,2
81,77,1
81,78,2
81,79,2
81,80,3
81,81,2
81,82,4
81,83,5
81,84,1
81,85,3
81,86,3
81,87,1
81,88,5
81,89,1
81,90,3
81,91,2
81,92,5
81,93,1
81,94,5
81,95,1
81,96,5
81,97,1
81,98,1
81,99,1
81,100,1
82,1,1
82,2,2
82,3,5
82,4,4
82,5,5
82,6,1
82,7,4
82,8,3
82,9,1
82,10,4
82,11,4
82,12,3
82,13,5
82,14,4
82,15,3
82,16,1
82,17,1
82,18,4
82,19,2
82,20,4
82,21,5
82,22,1
82,23,3
82,24,3
82,25,2
82,26,3
82,27,4
82,28,4
82,29,3
82,30,3
82,31,4
82,32,3
82,33,5
82,34,3
82,35,3
82,36,4
82,37,1
82,38,3
82,39,5
82,40,2
82,41,1
82,42,1
82,43,4
82,44,5
82,45,4
82,46,4
82,47,4
82,48,4
82,49,1
82,50,2
82,51,4
82,52,5
82,53,1
82,54,2
82,55,3
82,56,2
82,57,1
82,58,1
82,59,1
82,60,4
82,61,5
82,62,3
82,63,2
82,64,4
82,65,3
82,66,5
82,67,4
82,68,2
82,69,4
82,70,1
82,71,5
82,72,3
82,73,3
82,74,2
82,75,3
82,76,4
82,77,5
82,78,3
82,79,5
82,80,5
82,81,3
82,82,4
82,83,4
82,84,1
82,85,5
82,86,4
82,87,5
82,88,1
82,89,2
82,90,4
82,91,1
82,92,4
82,93,4
82,94,5
82,95,1
82,96,1
82,97,3
82,98,1
82,99,4
82,100,3
83,1,5
83,2,4
83,3,1
83,4,1
83,5,1
83,6,4
83,7,5
83,8,5
83,9,1
83,10,4
83,11,3
83,12,1
83,13,5
83,14,5
83,15,3
83,16,1
83,17,2
83,18,4
83,19,2
83,20,3
83,21,3
83,22,2
83,23,3
83,24,2
83,25,2
83,26,1
83,27,2
83,28,4
83,29,4
83,30,5
83,31,1
83,32,1
83,33,4
83,34,5
83,35,5
83,36,1
83,37,1
83,38,3
83,39,5
83,40,2
83,41,3
83,42,3
83,43,3
83,44,2
83,45,2
83,46,2
83,47,4
83,48,5
83,49,5
83,50,1
83,51,1
83,52,2
83,53,3
83,54,1
83,55,3
83,56,2
83,57,3
83,58,4
83,59,3
83,60,1
83,61,2
83,62,3
83,63,5
83,64,5
83,65,5
83,66,3
83,67,2
83,68,1
83,69,1
83,70,5
83,71,4
83,72,4
83,73,3
83,74,4
83,75,4
83,76,1
83,77,3
83,78,3
83,79,3
83,80,1
83,81,4
83,82,5
83,83,1
83,84,3
83,85,1
83,86,3
83,87,4
83,88,1
83,89,3
83,90,1
83,91,1
83,92,1
83,93,3
83,94,5
83,95,4
83,96,4
83,97,3
83,98,2
83,99,1
83,100,3
84,1,4
84,2,3
84,3,2
84,4,1
84,5,2
84,6,3
84,7,1
84,8,5
84,9,1
84,10,4
84,11,1
84,12,1
84,13,2
84,14,4
84,15,1
84,16,4
84,17,3
84,18,2
84,19,3
84,20,5
84,21,3
84,22,3
84,23,1
84,24,3
84,25,4
84,26,3
84,27,2
84,28,2
84,29,5
84,30,4
84,31,3
84,32,4
84,33,3
84,34,4
84,35,3
84,36,5
84,37,4
84,38,5
84,39,2
84,40,5
84,41,1
84,42,1
84,43,3
84,44,5
84,45,2
84,46,1
84,47,1
84,48,3
84,49,1
84,50,5
84,51,1
84,52,1
84,53,5
84,54,4
84,55,2
84,56,3
84,57,2
84,58,4
84,59,2
84,60,1
84,61,5
84,62,1
84,63,4
84,64,3
84,65,1
84,66,1
84,67,4
84,68,2
84,69,4
84,70,5
84,71,4
84,72,4
84,73,1
84,74,5
84,75,4
84,76,2
84,77,3
84,78,5
84,79,3
84,80,5
84,81,1
84,82,5
84,83,5
84,84,1
84,85,2
84,86,5
84,87,3
84,88,4
84,89,3
84,90,2
84,91,5
84,92,4
84,93,2
84,94,1
84,95,2
84,96,3
84,97,5
84,98,1
84,99,2
84,100,1
85,1,5
85,2,5
85,3,5
85,4,1
85,5,2
85,6,1
85,7,1
85,8,4
85,9,4
85,10,5
85,11,5
85,12,3
85,13,2
85,14,1
85,15,2
85,16,3
85,17,3
85,18,2
85,19,3
85,20,4
85,21,1
85,22,4
85,23,3
85,24,1
85,25,5
85,26,2
85,27,1
85,28,5
85,29,2
85,30,5
85,31,4
85,32,1
85,33,3
85,34,5
85,35,1
85,36,4
85,37,5
85,38,5
85,39,4
85,40,2
85,41,3
85,42,5
85,43,2
85,44,1
85,45,2
85,46,1
85,47,1
85,48,3
85,49,5
85,50,4
85,51,4
85,52,1
85,53,3
85,54,4
85,55,1
85,56,2
85,57,2
85,58,4
85,59,3
85,60,3
85,61,2
85,62,3
85,63,2
85,64,1
85,65,3
85,66,1
85,67,2
85,68,5
85,69,1
85,70,5
85,71,4
85,72,5
85,73,1
85,74,1
85,75,4
85,76,4
85,77,2
85,78,2
85,79,5
85,80,4
85,81,2
85,82,4
85,83,3
85,84,5
85,85,1
85,86,2
85,87,5
85,88,1
85,89,4
85,90,5
85,91,5
85,92,3
85,93,5
85,94,3
85,95,2
85,96,3
85,97,5
85,98,5
85,99,4
85,100,3
86,1,5
86,2,2
86,3,5
86,4,3
86,5,4
86,6,4
86,7,3
86,8,4
86,9,4
86,10,1
86,11,1
86,12,1
86,13,5
86,14,2
86,15,4
86,16,5
86,17,3
86,18,5
86,19,1
86,20,1
86,21,3
86,22,2
86,23,1
86,24,4
86,25,5
86,26,5
86,27,5
86,28,1
86,29,3
86,30,2
86,31,3
86,32,3
86,33,1
86,34,2
86,35,4
86,36,3
86,37,2
86,38,3
86,39,3
86,40,2
86,41,2
86,42,1
86,43,3
86,44,2
86,45,1
86,46,1
86,47,4
86,48,5
86,49,1
86,50,3
86,51,3
86,52,1
86,53,5
86,54,5
86,55,1
86,56,2
86,57,2
86,58,4
86,59,2
86,60,1
86,61,2
86,62,1
86,63,3
86,64,2
86,65,5
86,66,2
86,67,3
86,68,4
86,69,4
86,70,4
86,71,5
86,72,3
86,73,3
86,74,1
86,75,3
86,76,2
86,77,1
86,78,4
86,79,1
86,80,3
86,81,1
86,82,2
86,83,4
86,84,4
86,85,2
86,86,3
86,87,1
86,88,1
86,89,3
86,90,4
86,91,1
86,92,3
86,93,1
86,94,4
86,95,5
86,96,1
86,97,3
86,98,1
86,99,1
86,100,2
87,1,4
87,2,2
87,3,2
87,4,4
87,5,5
87,6,5
87,7,2
87,8,4
87,9,3
87,10,3
87,11,2
87,12,1
87,13,5
87,14,5
87,15,4
87,16,4
87,17,4
87,18,3
87,19,5
87,20,4
87,21,4
87,22,1
87,23,5
87,24,2
87,25,2
87,26,2
87,27,3
87,28,3
87,29,2
87,30,5
87,31,4
87,32,3
87,33,5
87,34,2
87,35,2
87,36,2
87,37,1
87,38,1
87,39,4
87,40,2
87,41,2
87,42,3
87,43,3
87,44,4
87,45,3
87,46,5
87,47,1
87,48,1
87,49,1
87,50,4
87,51,5
87,52,5
87,53,3
87,54,3
87,55,3
87,56,1
87,57,1
87,58,5
87,59,5
87,60,2
87,61,1
87,62,5
87,63,5
87,64,3
87,65,4
87,66,1
87,67,1
87,68,2
87,69,1
87,70,1
87,71,1
87,72,3
87,73,1
87,74,1
87,75,3
87,76,1
87,77,1
87,78,2
87,79,5
87,80,5
87,81,4
87,82,4
87,83,2
87,84,3
87,85,3
87,86,1
87,87,5
87,88,1
87,89,1
87,90,1
87,91,1
87,92,1
87,93,2
87,94,2
87,95,5
87,96,3
87,97,2
87,98,4
87,99,1
87,100,3
88,1,4
88,2,3
88,3,2
88,4,5
88,5,4
88,6,2
88,7,2
88,8,1
88,9,1
88,10,1
88,11,4
88,12,2
88,13,1
88,14,3
88,15,3
88,16,1
88,17,1
88,18,2
88,19,4
88,20,5
88,21,3
88,22,2
88,23,1
88,24,2
88,25,1
88,26,2
88,27,4
88,28,4
88,29,5
88,30,5
88,31,5
88,32,5
88,33,2
88,34,4
88,35,4
88,36,1
88,37,3
88,38,1
88,39,3
88,40,4
88,41,5
88,42,3
88,43,3
88,44,1
88,45,4
88,46,4
88,47,1
88,48,3
88,49,5
88,50,5
88,51,2
88,52,5
88,53,4
88,54,2
88,55,3
88,56,5
88,57,4
88,58,5
88,59,2
88,60,3
88,61,3
88,62,4
88,63,2
88,64,2
88,65,1
88,66,4
88,67,1
88,68,1
88,69,1
88,70,2
88,71,5
88,72,3
88,73,5
88,74,1
88,75,3
88,76,5
88,77,5
88,78,1
88,79,3
88,80,5
88,81,1
88,82,1
88,83,1
88,84,2
88,85,1
88,86,1
88,87,5
88,88,4
88,89,1
88,90,1
88,91,3
88,92,5
88,93,5
88,94,3
88,95,3
88,96,5
88,97,4
88,98,2
88,99,4
88,100,5
89,1,3
89,2,2
89,3,1
89,4,4
89,5,2
89,6,4
89,7,4
89,8,1
89,9,4
89,10,4
89,11,2
89,12,1
89,13,4
89,14,2
89,15,2
89,16,3
89,17,1
89,18,5
89,19,5
89,20,1
89,21,3
89,22,1
89,23,3
89,24,4
89,25,4
89,26,1
89,27,2
89,28,2
89,29,2
89,30,2
89,31,2
89,32,1
89,33,4
89,34,5
89,35,1
89,36,2
89,37,5
89,38,2
89,39,2
89,40,1
89,41,5
89,42,4
89,43,5
89,44,3
89,45,3
89,46,3
89,47,3
89,48,4
89,49,1
89,50,2
89,51,3
89,52,5
89,53,4
89,54,2
89,55,5
89,56,2
89,57,2
89,58,4
89,59,1
89,60,5
89,61,1
89,62,2
89,63,4
89,64,4
89,65,4
89,66,5
89,67,1
89,68,4
89,69,2
89,70,5
89,71,2
89,72,4
89,73,4
89,74,4
89,75,5
89,76,4
89,77,5
89,78,2
89,79,5
89,80,3
89,81,3
89,82,4
89,83,2
89,84,1
89,85,5
89,86,5
89,87,1
89,88,2
89,89,2
89,90,2
89,91,1
89,92,2
89,93,2
89,94,3
89,95,5
89,96,2
89,97,3
89,98,1
89,99,2
89,100,1
90,1,3
90,2,3
90,3,1
90,4,4
90,5,2
90,6,4
90,7,5
90,8,4
90,9,4
90,10,5
90,11,5
90,12,4
90,13,4
90,14,3
90,15,5
90,16,5
90,17,1
90,18,2
90,19,1
90,20,5
90,21,3
90,22,3
90,23,1
90,24,4
90,25,5
90,26,3
90,27,1
90,28,5
90,29,4
90,30,2
90,31,5
90,32,3
90,33,1
90,34,5
90,35,1
90,36,1
90,37,2
90,38,4
90,39,2
90,40,5
90,41,1
90,42,2
90,43,2
90,44,1
90,45,4
90,46,2
90,47,3
90,48,2
90,49,4
90,50,1
90,51,2
90,52,2
90,53,5
90,54,5
90,55,3
90,56,5
90,57,4
90,58,1
90,59,5
90,60,3
90,61,4
90,62,2
90,63,2
90,64,2
90,65,1
90,66,5
90,67,1
90,68,5
90,69,1
90,70,4
90,71,1
90,72,2
90,73,2
90,74,5
90,75,3
90,76,4
90,77,2
90,78,5
90,79,3
90,80,5
90,81,4
90,82,4
90,83,5
90,84,3
90,85,3
90,86,3
90,87,1
90,88,1
90,89,1
90,90,5
90,91,1
90,92,3
90,93,2
90,94,4
90,95,3
90,96,4
90,97,5
90,98,1
90,99,1
90,100,3
